Workbook

Sheet Raw_Data
A1: Year | B1: Unemployment | C1: Inflation | D1: GDP Growth
A2: 1991 | B2: 2.2 | C2: 6.4 | D2: 3.5
A3: 1992 | B3: 2.2 | C3: 3.6 | D3: 5.4
A4: 1993 | B4: 2.3 | C4: 3 | D4: 4.7
A5: 1994 | B5: 2.4 | C5: 5.3 | D5: 3.9
A6: 1995 | B6: 2.4 | C6: 10.3 | D6: 5.1
A7: 1996 | B7: 2.5 | C7: 2.4 | D7: 4.5
A8: 1997 | B8: 2.7 | C8: 5.3 | D8: 4.5
A9: 1998 | B9: 2.9 | C9: 8.4 | D9: 5.2
A10: 1999 | B10: 3.1 | C10: 6.1 | D10: 4.7
A11: 2000 | B11: 3.3 | C11: 2.2 | D11: 5.3
A12: 2001 | B12: 3.6 | C12: 2 | D12: 5.1
A13: 2002 | B13: 4 | C13: 3.3 | D13: 3.8
... A35: 2024 | B35: 4.7 | C35: 10.5 | D35: 4.2

Sheet Cleaned_ Data
A1: Year | B1: Unemployment | C1: Inflation | D1: GDP Growth
A2: 1991 | B2: 2.2 | C2: 6.4 | D2: 3.5
A3: 1992 | B3: 2.2 | C3: 3.6 | D3: 5.4
A4: 1993 | B4: 2.3 | C4: 3 | D4: 4.7
A5: 1994 | B5: 2.4 | C5: 5.3 | D5: 3.9
A6: 1995 | B6: 2.4 | C6: 10.3 | D6: 5.1
A7: 1996 | B7: 2.5 | C7: 2.4 | D7: 4.5
A8: 1997 | B8: 2.7 | C8: 5.3 | D8: 4.5
A9: 1998 | B9: 2.9 | C9: 8.4 | D9: 5.2
A10: 1999 | B10: 3.1 | C10: 6.1 | D10: 4.7
A11: 2000 | B11: 3.3 | C11: 2.2 | D11: 5.3
A12: 2001 | B12: 3.6 | C12: 2 | D12: 5.1
A13: 2002 | B13: 4 | C13: 3.3 | D13: 3.8
... A35: 2024 | B35: 4.7 | C35: 10.5 | D35: 4.2

Sheet Analysis
A1: Dataset | B1: Bangladesh Macroeconomic Data
A2: Source | B2: World Bank
A3: Time Period | B3: 1991–2024
A4: Number of Observations | B4: =COUNT('Cleaned_ Data'!A2:'Cleaned_ Data'!A35) -> 34
A6: Table 1: Descriptive Statistics
A7: Variable | B7: Mean | C7: Median | D7: Min | E7: Max | F7: Standard Deviation
A8: Unemployment | B8: =AVERAGE('Cleaned_ Data'!B2:'Cleaned_ Data'!B35) -> 3.8235294 | C8: =MEDIAN('Cleaned_ Data'!B2:'Cleaned_ Data'!B35) -> 4.2 | D8: =MIN('Cleaned_ Data'!B2:'Cleaned_ Data'!B35) -> 2.2 | E8: =MAX('Cleaned_ Data'!B2:'Cleaned_ Data'!B35) -> 5.4 | F8: =_xlfn.STDEV.S('Cleaned_ Data'!B2:'Cleaned_ Data'!B35) -> 0.9208227
A9: Inflation | B9: =AVERAGE('Cleaned_ Data'!C2:'Cleaned_ Data'!C35) -> 6.3764706 | C9: =MEDIAN('Cleaned_ Data'!C2:'Cleaned_ Data'!C35) -> 6.15 | D9: =MIN('Cleaned_ Data'!C2:'Cleaned_ Data'!C35) -> 2 | E9: =MAX('Cleaned_ Data'!C2:'Cleaned_ Data'!C35) -> 11.4 | F9: =_xlfn.STDEV.S('Cleaned_ Data'!C2:'Cleaned_ Data'!C35) -> 2.3679756
A10: GDP Growth | B10: =AVERAGE('Cleaned_ Data'!D2:'Cleaned_ Data'!D35) -> 5.6029412 | C10: =MEDIAN('Cleaned_ Data'!D2:'Cleaned_ Data'!D35) -> 5.5 | D10: =MIN('Cleaned_ Data'!D2:'Cleaned_ Data'!D35) -> 3.4 | E10: =MAX('Cleaned_ Data'!D2:'Cleaned_ Data'!D35) -> 7.9 | F10: =_xlfn.STDEV.S('Cleaned_ Data'!D2:'Cleaned_ Data'!D35) -> 1.1853871
A13: Table 2: IQR Outlier Analysis
A14: Variable | B14: Q1 | C14: Q3 | D14: IQR | E14: Lower Bound | F14: Upper Bound | G14: Outliers
A15: Unemployment | B15: =_xlfn.QUARTILE.INC('Cleaned_ Data'!B2:'Cleaned_ Data'!B35,1) -> 3.15 | C15: =_xlfn.QUARTILE.INC('Cleaned_ Data'!B2:'Cleaned_ Data'!B35,3) -> 4.4 | D15: =Table5[[#This Row],[Q3]]-Table5[[#This Row],[Q1]] -> 1.25 | E15: =Table5[[#This Row],[Q1]]-1.5*Table5[[#This Row],[IQR]] -> 1.275 | F15: =Table5[[#This Row],[Q3]]+1.5*Table5[[#This Row],[IQR]] -> 6.275 | G15: None
A16: Inflation | B16: =_xlfn.QUARTILE.INC('Cleaned_ Data'!C2:'Cleaned_ Data'!C35,1) -> 5.425 | C16: =_xlfn.QUARTILE.INC('Cleaned_ Data'!C2:'Cleaned_ Data'!C35,3) -> 7.675 | D16: =Table5[[#This Row],[Q3]]-Table5[[#This Row],[Q1]] -> 2.25 | E16: =Table5[[#This Row],[Q1]]-1.5*Table5[[#This Row],[IQR]] -> 2.05 | F16: =Table5[[#This Row],[Q3]]+1.5*Table5[[#This Row],[IQR]] -> 11.05 | G16: 2
A17: GDP Growth | B17: =_xlfn.QUARTILE.INC('Cleaned_ Data'!D2:'Cleaned_ Data'!D35,1) -> 4.7 | C17: =_xlfn.QUARTILE.INC('Cleaned_ Data'!D2:'Cleaned_ Data'!D35,3) -> 6.575 | D17: =Table5[[#This Row],[Q3]]-Table5[[#This Row],[Q1]] -> 1.875 | E17: =Table5[[#This Row],[Q1]]-1.5*Table5[[#This Row],[IQR]] -> 1.8875 | F17: =Table5[[#This Row],[Q3]]+1.5*Table5[[#This Row],[IQR]] -> 9.3875 | G17: None
A20: Table 3: Correlation Matrix
A21: Variables | B21: Unemployment | C21: Inflation | D21: GDP Growth
A22: Unemployment | B22: 1
A23: Inflation | B23: =CORREL('Cleaned_ Data'!B2:'Cleaned_ Data'!B35,'Cleaned_ Data'!C2:'Cleaned_ Data'!C35) -> 0.23484931 | C23: 1
A24: GDP Growth | B24: =CORREL('Cleaned_ Data'!B2:'Cleaned_ Data'!B35,'Cleaned_ Data'!D2:'Cleaned_ Data'!D35) -> 0.40664713 | C24: =CORREL('Cleaned_ Data'!C2:'Cleaned_ Data'!C35,'Cleaned_ Data'!D2:'Cleaned_ Data'!D35) -> 0.22846127 | D24: 1

Sheet Charts
